timestamp,session_id,pagina,posicion_pagina,posicion_global,nombre_completo,url,precio_eur,precio_original,descuento,bodega,region,año,rating,num_reviews,categoria_calidad,tipo_vino,disponibilidad
2025-07-16 12:46:18,20250716_124554,1,1,1,"Viñas del VeroSecastilla 2016Somontano,EspañaCosecha más antigua disponible4,151 valoraciones33,90 €",https://www.vivino.com/vinas-del-vero-secastilla/w/1158235?year=2016&price_id=25421069,33.9,,,Viñas,Somontano,2016,4.15,1,Cosecha más antigua,Tinto,Disponible
2025-07-16 12:46:18,20250716_124554,1,2,1,"AltavinsVinerel.Les Garnatxa Peluda 2023Terra Alta,EspañaGood Value4,146 valoraciones22,25 €",https://www.vivino.com/altavins-vinerel-les-garnatxa-peluda/w/11471752?year=2023&price_id=39308500,22.25,,,AltavinsVinerel.Les,Terra Alta,2023,4.14,6,Good Value,Tinto,Disponible
2025-07-16 12:46:18,20250716_124554,1,3,1,"Cuevas de AromOS Cantals 2021Campo de Borja,EspañaGood Value4,1427 valoraciones42,21 €",https://www.vivino.com/cuevas-de-arom-os-cantals/w/5796944?year=2021&price_id=34502822,42.21,,,Cuevas,Campo de Borja,2021,4.142,7,Good Value,Tinto,Disponible
2025-07-16 12:46:18,20250716_124554,1,4,1,"Bodegas AtecaAtteca Garnacha (Old Vines) 2020Calatayud,EspañaGreat Value4,1608 valoraciones14,46 €",https://www.vivino.com/bodegas-ateca-atteca-garnacha-old-vines/w/1183710?year=2020&price_id=38449392,14.46,,,Bodegas,Calatayud,2020,4.16,8,Great Value,Tinto,Disponible
2025-07-16 12:46:18,20250716_124554,1,5,1,"Soto y ManriqueAlto de la Estrella 2021Castilla y León,España4,1118 valoraciones32 €",https://www.vivino.com/soto-y-manrique-alto-de-la-estrella/w/9110384?year=2021&price_id=38500087,32.0,,,Soto,Castilla y León,2021,4.111,8,,Tinto,Disponible
2025-07-16 12:46:18,20250716_124554,1,6,1,"Bodegas Paco MuleroGarnacha 2021Calatayud,EspañaGreat Value4,191 valoraciones10,90 €",https://www.vivino.com/bodegas-paco-mulero-garnacha/w/8995715?year=2021&price_id=35422551,10.9,,,Bodegas,Calatayud,2021,4.19,1,Great Value,Tinto,Disponible
2025-07-16 12:46:18,20250716_124554,1,7,1,"BrecaGarnacha 2021Calatayud,EspañaGreat Value4,182 valoraciones14,10 €",https://www.vivino.com/breca-garnacha-calatayud/w/1370945?year=2021&price_id=38561559,14.1,,,BrecaGarnacha,Calatayud,2021,4.18,2,Great Value,Tinto,Disponible
2025-07-16 12:46:18,20250716_124554,1,8,1,"Vinyes TortugaHunky Dory 2019Cataluña,EspañaGood Value4,188 valoraciones43,95 €",https://www.vivino.com/vinyes-tortuga-hunky-dory/w/7450443?year=2019&price_id=33825942,43.95,,,Vinyes,Cataluña,2019,4.18,8,Good Value,Tinto,Disponible
2025-07-16 12:46:18,20250716_124554,1,9,1,"ParticularGarnacha Viñas Centenarias 2022Cariñena,EspañaGreat Value4,12548 valoraciones14,80 €",https://www.vivino.com/particular-es-garnacha-vinas-centenarias/w/2338003?year=2022&price_id=38799328,14.8,,,ParticularGarnacha,Cariñena,2022,4.1254,8,Great Value,Tinto,Disponible
2025-07-16 12:46:18,20250716_124554,1,10,1,"Gil PejenauteTabuca 2023Campo de Borja,EspañaGreat Value4,1318 valoraciones20,50 €",https://www.vivino.com/gil-pejenaute-tabuca/w/10428248?year=2023&price_id=39171060,20.5,,,PejenauteTabuca,Campo de Borja,2023,4.131,8,Great Value,Tinto,Disponible
2025-07-16 12:46:18,20250716_124554,1,11,1,"Terra RemotaCamino 2021Empordà,España4,1147 valoraciones38,80 €",https://www.vivino.com/terra-remota-camino/w/1222476?year=2021&price_id=38859603,38.8,,,Terra,Empordà,2021,4.114,7,,Tinto,Disponible
2025-07-16 12:46:18,20250716_124554,1,12,1,"Pagos del MoncayoPrados Colección Garnacha 2021Campo de Borja,EspañaGreat Value4,1181 valoraciones14,90 €",https://www.vivino.com/pagos-del-moncayo-prados-coleccion-garnacha/w/5409799?year=2021&price_id=34084953,14.9,,,Pagos,Campo de Borja,2021,4.118,1,Great Value,Tinto,Disponible
2025-07-16 12:46:18,20250716_124554,1,13,1,"Vinos DivertidosCamino A Pardos Garnacha Viñas Viejas 80 Old Vines 2022Calatayud,EspañaGreat Value4,1384 valoraciones12,90 €",https://www.vivino.com/vinos-divertidos-camino-a-pardos-garnacha-vinas-viejas-80-old-vines/w/9894859?year=2022&price_id=39306606,12.9,,,Vinos,Calatayud,2022,4.138,4,Great Value,Tinto,Disponible
2025-07-16 12:46:18,20250716_124554,1,14,1,"Carlos RubenAntonio Antonia 2017Aragón,EspañaGood Value4,158 valoraciones24,95 €",https://www.vivino.com/carlos-ruben-antonio-antonia/w/7256945?year=2017&price_id=27201047,24.95,,,Carlos,Aragón,2017,4.15,8,Good Value,Tinto,Disponible
2025-07-16 12:46:18,20250716_124554,1,15,1,"Proyecto Garnachas de EspañaLa Garnacha Perdida 2019Aragón,EspañaGood Value4,1333 valoraciones22,75 €",https://www.vivino.com/proyecto-garnachas-de-espana-la-garnacha-perdida/w/5296470?year=2019&price_id=27445400,22.75,,,Proyecto,Aragón,2019,4.133,3,Good Value,Tinto,Disponible
2025-07-16 12:46:18,20250716_124554,1,16,1,"Telmo RodriguezPegaso Barrancos de Pizarra 2020Castilla y León,España4,158 valoraciones39,93 €",https://www.vivino.com/telmo-rodriguez-pegaso-barrancos-de-pizarra/w/1179898?year=2020&price_id=34283314,39.93,,,Telmo,Castilla y León,2020,4.15,8,,Tinto,Disponible
2025-07-16 12:46:18,20250716_124554,1,17,1,"Viña ZorzalLa Peli 2022Navarra,España4,171 valoraciones34,90 €",https://www.vivino.com/vina-zorzal-la-peli/w/8784103?year=2022&price_id=36953388,34.9,,,Viña,Navarra,2022,4.17,1,,Tinto,Disponible
2025-07-16 12:46:18,20250716_124554,1,18,1,"CérvolesGarnatxa de Cérvoles Vinyes Altes de Les Garrigues 2022Costers del Segre,EspañaGood Value4,1232 valoraciones17,15 €",https://www.vivino.com/cervoles-garnatxa-de-cervoles-vinyes-altes-de-les-garrigues/w/4547042?year=2022&price_id=34401899,17.15,,,CérvolesGarnatxa,Costers del Segre,2022,4.123,2,Good Value,Tinto,Disponible
2025-07-16 12:46:18,20250716_124554,1,19,1,"ValquejigosoCarpetano Garnacha 2019Madrid,EspañaGreat Value4,1147 valoraciones14,95 €",https://www.vivino.com/valquejigoso-carpetano-garnacha/w/11316262?year=2019&price_id=31843204,14.95,,,ValquejigosoCarpetano,Madrid,2019,4.114,7,Great Value,Tinto,Disponible
2025-07-16 12:46:18,20250716_124554,1,20,1,"El ReventónLa Reina 2023Madrid,España4,1119 valoraciones33 €",https://www.vivino.com/el-reventon-la-reina/w/12148142?year=2023&price_id=38750047,33.0,,,ReventónLa,Madrid,2023,4.111,9,,Tinto,Disponible
2025-07-16 12:46:18,20250716_124554,1,21,1,"Bodegas FrontonioSupersónico Garnacha 2021Valdejalón,EspañaGood Value4,196 valoraciones27,15 €",https://www.vivino.com/frontonio-supersonico-garnacha/w/4968370?year=2021&price_id=36112974,27.15,,,Bodegas,Valdejalón,2021,4.19,6,Good Value,Tinto,Disponible
2025-07-16 12:46:18,20250716_124554,1,22,1,"Borsao BodegasTres Picos Garnacha 2022Campo de Borja,EspañaGreat Value4,172 valoraciones13,35 €",https://www.vivino.com/borsao-bodegas-tres-picos-garnacha/w/35374?year=2022&price_id=38974679,13.35,,,Borsao,Campo de Borja,2022,4.17,2,Great Value,Tinto,Disponible
2025-07-16 12:46:18,20250716_124554,1,23,1,"Aseginolaza & LeundaCuvée Las Santas 2022Navarra,EspañaGood Value4,1128 valoraciones22,35 €",https://www.vivino.com/aseginolaza-leunda-cuvee-las-santas/w/9648325?year=2022&price_id=37563720,22.35,,,Aseginolaza,Navarra,2022,4.112,8,Good Value,Tinto,Disponible
2025-07-16 12:46:18,20250716_124554,1,24,1,"Herència AltésLa Xalamera 2019Terra Alta,EspañaGood Value4,153 valoraciones29,90 €",https://www.vivino.com/herencia-altes-la-xalamera-terra-alta/w/6170276?year=2019&price_id=36324678,29.9,,,Herència,Terra Alta,2019,4.15,3,Good Value,Tinto,Disponible
2025-07-16 12:51:32,20250716_125057,1,1,1,"Viñas del VeroSecastilla 2016Somontano,EspañaCosecha más antigua disponible4,151 valoraciones33,90 €",https://www.vivino.com/vinas-del-vero-secastilla/w/1158235?year=2016&price_id=25421069,33.9,,,Viñas del,Somontano,2016,4.15,1,Cosecha más antigua,Tinto,Disponible
2025-07-16 12:51:32,20250716_125057,1,2,1,"AltavinsVinerel.Les Garnatxa Peluda 2023Terra Alta,EspañaGood Value4,146 valoraciones22,25 €",https://www.vivino.com/altavins-vinerel-les-garnatxa-peluda/w/11471752?year=2023&price_id=39308500,22.25,,,AltavinsVinerel.Les Garnatxa,Terra Alta,2023,4.14,6,Good Value,Tinto,Disponible
2025-07-16 12:51:32,20250716_125057,1,3,1,"Cuevas de AromOS Cantals 2021Campo de Borja,EspañaGood Value4,1427 valoraciones42,21 €",https://www.vivino.com/cuevas-de-arom-os-cantals/w/5796944?year=2021&price_id=34502822,42.21,,,Cuevas,Campo de Borja,2021,4.142,7,Good Value,Tinto,Disponible
2025-07-16 12:51:32,20250716_125057,1,4,1,"Bodegas AtecaAtteca Garnacha (Old Vines) 2020Calatayud,EspañaGreat Value4,1608 valoraciones14,46 €",https://www.vivino.com/bodegas-ateca-atteca-garnacha-old-vines/w/1183710?year=2020&price_id=38449392,14.46,,,Bodegas AtecaAtteca,Calatayud,2020,4.16,8,Great Value,Tinto,Disponible
2025-07-16 12:51:32,20250716_125057,1,5,1,"Soto y ManriqueAlto de la Estrella 2021Castilla y León,España4,1118 valoraciones32 €",https://www.vivino.com/soto-y-manrique-alto-de-la-estrella/w/9110384?year=2021&price_id=38500087,32.0,,,Soto,Castilla y León,2021,4.111,8,,Tinto,Disponible
2025-07-16 12:51:32,20250716_125057,1,6,1,"Bodegas Paco MuleroGarnacha 2021Calatayud,EspañaGreat Value4,191 valoraciones10,90 €",https://www.vivino.com/bodegas-paco-mulero-garnacha/w/8995715?year=2021&price_id=35422551,10.9,,,Bodegas Paco,Calatayud,2021,4.19,1,Great Value,Tinto,Disponible
2025-07-16 12:51:32,20250716_125057,1,7,1,"BrecaGarnacha 2021Calatayud,EspañaGreat Value4,182 valoraciones14,10 €",https://www.vivino.com/breca-garnacha-calatayud/w/1370945?year=2021&price_id=38561559,14.1,,,"BrecaGarnacha 2021Calatayud,EspañaGreat",Calatayud,2021,4.18,2,Great Value,Tinto,Disponible
2025-07-16 12:51:32,20250716_125057,1,8,1,"Vinyes TortugaHunky Dory 2019Cataluña,EspañaGood Value4,188 valoraciones43,95 €",https://www.vivino.com/vinyes-tortuga-hunky-dory/w/7450443?year=2019&price_id=33825942,43.95,,,Vinyes TortugaHunky,Cataluña,2019,4.18,8,Good Value,Tinto,Disponible
2025-07-16 12:51:32,20250716_125057,1,9,1,"ParticularGarnacha Viñas Centenarias 2022Cariñena,EspañaGreat Value4,12548 valoraciones14,80 €",https://www.vivino.com/particular-es-garnacha-vinas-centenarias/w/2338003?year=2022&price_id=38799328,14.8,,,ParticularGarnacha Viñas,Cariñena,2022,4.1254,8,Great Value,Tinto,Disponible
2025-07-16 12:51:32,20250716_125057,1,10,1,"Gil PejenauteTabuca 2023Campo de Borja,EspañaGreat Value4,1318 valoraciones20,50 €",https://www.vivino.com/gil-pejenaute-tabuca/w/10428248?year=2023&price_id=39171060,20.5,,,Gil PejenauteTabuca,Campo de Borja,2023,4.131,8,Great Value,Tinto,Disponible
2025-07-16 12:51:32,20250716_125057,1,11,1,"Terra RemotaCamino 2021Empordà,España4,1147 valoraciones38,80 €",https://www.vivino.com/terra-remota-camino/w/1222476?year=2021&price_id=38859603,38.8,,,Terra RemotaCamino,Empordà,2021,4.114,7,,Tinto,Disponible
2025-07-16 12:51:32,20250716_125057,1,12,1,"Vinos DivertidosCamino A Pardos Garnacha Viñas Viejas 80 Old Vines 2022Calatayud,EspañaGreat Value4,1384 valoraciones12,90 €",https://www.vivino.com/vinos-divertidos-camino-a-pardos-garnacha-vinas-viejas-80-old-vines/w/9894859?year=2022&price_id=39306606,12.9,,,Vinos DivertidosCamino,Calatayud,2022,4.138,4,Great Value,Tinto,Disponible
2025-07-16 12:51:32,20250716_125057,1,13,1,"Pagos del MoncayoPrados Colección Garnacha 2021Campo de Borja,EspañaGreat Value4,1181 valoraciones14,90 €",https://www.vivino.com/pagos-del-moncayo-prados-coleccion-garnacha/w/5409799?year=2021&price_id=34084953,14.9,,,Pagos del,Campo de Borja,2021,4.118,1,Great Value,Tinto,Disponible
2025-07-16 12:51:32,20250716_125057,1,14,1,"Carlos RubenAntonio Antonia 2017Aragón,EspañaGood Value4,158 valoraciones24,95 €",https://www.vivino.com/carlos-ruben-antonio-antonia/w/7256945?year=2017&price_id=27201047,24.95,,,Carlos RubenAntonio,Aragón,2017,4.15,8,Good Value,Tinto,Disponible
2025-07-16 12:51:32,20250716_125057,1,15,1,"Proyecto Garnachas de EspañaLa Garnacha Perdida 2019Aragón,EspañaGood Value4,1333 valoraciones22,75 €",https://www.vivino.com/proyecto-garnachas-de-espana-la-garnacha-perdida/w/5296470?year=2019&price_id=27445400,22.75,,,Proyecto Garnachas,Aragón,2019,4.133,3,Good Value,Tinto,Disponible
2025-07-16 12:51:32,20250716_125057,1,16,1,"Telmo RodriguezPegaso Barrancos de Pizarra 2020Castilla y León,España4,158 valoraciones39,93 €",https://www.vivino.com/telmo-rodriguez-pegaso-barrancos-de-pizarra/w/1179898?year=2020&price_id=34283314,39.93,,,Telmo RodriguezPegaso,Castilla y León,2020,4.15,8,,Tinto,Disponible
2025-07-16 12:51:32,20250716_125057,1,17,1,"Viña ZorzalLa Peli 2022Navarra,España4,171 valoraciones34,90 €",https://www.vivino.com/vina-zorzal-la-peli/w/8784103?year=2022&price_id=36953388,34.9,,,Viña ZorzalLa,Navarra,2022,4.17,1,,Tinto,Disponible
2025-07-16 12:51:32,20250716_125057,1,18,1,"CérvolesGarnatxa de Cérvoles Vinyes Altes de Les Garrigues 2022Costers del Segre,EspañaGood Value4,1232 valoraciones17,15 €",https://www.vivino.com/cervoles-garnatxa-de-cervoles-vinyes-altes-de-les-garrigues/w/4547042?year=2022&price_id=34401899,17.15,,,CérvolesGarnatxa,Costers del Segre,2022,4.123,2,Good Value,Tinto,Disponible
2025-07-16 12:51:32,20250716_125057,1,19,1,"ValquejigosoCarpetano Garnacha 2019Madrid,EspañaGreat Value4,1147 valoraciones14,95 €",https://www.vivino.com/valquejigoso-carpetano-garnacha/w/11316262?year=2019&price_id=31843204,14.95,,,ValquejigosoCarpetano Garnacha,Madrid,2019,4.114,7,Great Value,Tinto,Disponible
2025-07-16 12:51:32,20250716_125057,1,20,1,"El ReventónLa Reina 2023Madrid,España4,1119 valoraciones33 €",https://www.vivino.com/el-reventon-la-reina/w/12148142?year=2023&price_id=38750047,33.0,,,ReventónLa Reina,Madrid,2023,4.111,9,,Tinto,Disponible
2025-07-16 12:51:32,20250716_125057,1,21,1,"Bodegas FrontonioSupersónico Garnacha 2021Valdejalón,EspañaGood Value4,196 valoraciones27,15 €",https://www.vivino.com/frontonio-supersonico-garnacha/w/4968370?year=2021&price_id=36112974,27.15,,,Bodegas FrontonioSupersónico,Valdejalón,2021,4.19,6,Good Value,Tinto,Disponible
2025-07-16 12:51:32,20250716_125057,1,22,1,"Borsao BodegasTres Picos Garnacha 2022Campo de Borja,EspañaGreat Value4,172 valoraciones13,35 €",https://www.vivino.com/borsao-bodegas-tres-picos-garnacha/w/35374?year=2022&price_id=38974679,13.35,,,Borsao BodegasTres,Campo de Borja,2022,4.17,2,Great Value,Tinto,Disponible
2025-07-16 12:51:32,20250716_125057,1,23,1,"Herència AltésLa Xalamera 2019Terra Alta,EspañaGood Value4,153 valoraciones29,90 €",https://www.vivino.com/herencia-altes-la-xalamera-terra-alta/w/6170276?year=2019&price_id=36324678,29.9,,,Herència AltésLa,Terra Alta,2019,4.15,3,Good Value,Tinto,Disponible
2025-07-16 12:51:32,20250716_125057,1,24,1,"Aseginolaza & LeundaCuvée Las Santas 2022Navarra,EspañaGood Value4,1128 valoraciones22,35 €",https://www.vivino.com/aseginolaza-leunda-cuvee-las-santas/w/9648325?year=2022&price_id=37563720,22.35,,,Aseginolaza,Navarra,2022,4.112,8,Good Value,Tinto,Disponible
2025-07-16 12:52:10,20250716_125057,2,1,25,"Viñas del VeroSecastilla 2016Somontano,EspañaCosecha más antigua disponible4,151 valoraciones33,90 €",https://www.vivino.com/vinas-del-vero-secastilla/w/1158235?year=2016&price_id=25421069,33.9,,,Viñas del,Somontano,2016,4.15,1,Cosecha más antigua,Tinto,Disponible
2025-07-16 12:52:10,20250716_125057,2,2,25,"AltavinsVinerel.Les Garnatxa Peluda 2023Terra Alta,EspañaGood Value4,146 valoraciones22,25 €",https://www.vivino.com/altavins-vinerel-les-garnatxa-peluda/w/11471752?year=2023&price_id=39308500,22.25,,,AltavinsVinerel.Les Garnatxa,Terra Alta,2023,4.14,6,Good Value,Tinto,Disponible
2025-07-16 12:52:10,20250716_125057,2,3,25,"Cuevas de AromOS Cantals 2021Campo de Borja,EspañaGood Value4,1427 valoraciones42,21 €",https://www.vivino.com/cuevas-de-arom-os-cantals/w/5796944?year=2021&price_id=34502822,42.21,,,Cuevas,Campo de Borja,2021,4.142,7,Good Value,Tinto,Disponible
2025-07-16 12:52:10,20250716_125057,2,4,25,"Bodegas AtecaAtteca Garnacha (Old Vines) 2020Calatayud,EspañaGreat Value4,1608 valoraciones14,46 €",https://www.vivino.com/bodegas-ateca-atteca-garnacha-old-vines/w/1183710?year=2020&price_id=38449392,14.46,,,Bodegas AtecaAtteca,Calatayud,2020,4.16,8,Great Value,Tinto,Disponible
2025-07-16 12:52:10,20250716_125057,2,5,25,"Soto y ManriqueAlto de la Estrella 2021Castilla y León,España4,1118 valoraciones32 €",https://www.vivino.com/soto-y-manrique-alto-de-la-estrella/w/9110384?year=2021&price_id=38500087,32.0,,,Soto,Castilla y León,2021,4.111,8,,Tinto,Disponible
2025-07-16 12:52:10,20250716_125057,2,6,25,"Bodegas Paco MuleroGarnacha 2021Calatayud,EspañaGreat Value4,191 valoraciones10,90 €",https://www.vivino.com/bodegas-paco-mulero-garnacha/w/8995715?year=2021&price_id=35422551,10.9,,,Bodegas Paco,Calatayud,2021,4.19,1,Great Value,Tinto,Disponible
2025-07-16 12:52:10,20250716_125057,2,7,25,"BrecaGarnacha 2021Calatayud,EspañaGreat Value4,182 valoraciones14,10 €",https://www.vivino.com/breca-garnacha-calatayud/w/1370945?year=2021&price_id=38561559,14.1,,,"BrecaGarnacha 2021Calatayud,EspañaGreat",Calatayud,2021,4.18,2,Great Value,Tinto,Disponible
2025-07-16 12:52:10,20250716_125057,2,8,25,"Vinyes TortugaHunky Dory 2019Cataluña,EspañaGood Value4,188 valoraciones43,95 €",https://www.vivino.com/vinyes-tortuga-hunky-dory/w/7450443?year=2019&price_id=33825942,43.95,,,Vinyes TortugaHunky,Cataluña,2019,4.18,8,Good Value,Tinto,Disponible
2025-07-16 12:52:10,20250716_125057,2,9,25,"ParticularGarnacha Viñas Centenarias 2022Cariñena,EspañaGreat Value4,12548 valoraciones14,80 €",https://www.vivino.com/particular-es-garnacha-vinas-centenarias/w/2338003?year=2022&price_id=38799328,14.8,,,ParticularGarnacha Viñas,Cariñena,2022,4.1254,8,Great Value,Tinto,Disponible
2025-07-16 12:52:10,20250716_125057,2,10,25,"Gil PejenauteTabuca 2023Campo de Borja,EspañaGreat Value4,1318 valoraciones20,50 €",https://www.vivino.com/gil-pejenaute-tabuca/w/10428248?year=2023&price_id=39171060,20.5,,,Gil PejenauteTabuca,Campo de Borja,2023,4.131,8,Great Value,Tinto,Disponible
2025-07-16 12:52:10,20250716_125057,2,11,25,"Terra RemotaCamino 2021Empordà,España4,1147 valoraciones38,80 €",https://www.vivino.com/terra-remota-camino/w/1222476?year=2021&price_id=38859603,38.8,,,Terra RemotaCamino,Empordà,2021,4.114,7,,Tinto,Disponible
2025-07-16 12:52:10,20250716_125057,2,12,25,"Pagos del MoncayoPrados Colección Garnacha 2021Campo de Borja,EspañaGreat Value4,1181 valoraciones14,90 €",https://www.vivino.com/pagos-del-moncayo-prados-coleccion-garnacha/w/5409799?year=2021&price_id=34084953,14.9,,,Pagos del,Campo de Borja,2021,4.118,1,Great Value,Tinto,Disponible
2025-07-16 12:52:10,20250716_125057,2,13,25,"Vinos DivertidosCamino A Pardos Garnacha Viñas Viejas 80 Old Vines 2022Calatayud,EspañaGreat Value4,1384 valoraciones12,90 €",https://www.vivino.com/vinos-divertidos-camino-a-pardos-garnacha-vinas-viejas-80-old-vines/w/9894859?year=2022&price_id=39306606,12.9,,,Vinos DivertidosCamino,Calatayud,2022,4.138,4,Great Value,Tinto,Disponible
2025-07-16 12:52:10,20250716_125057,2,14,25,"Carlos RubenAntonio Antonia 2017Aragón,EspañaGood Value4,158 valoraciones24,95 €",https://www.vivino.com/carlos-ruben-antonio-antonia/w/7256945?year=2017&price_id=27201047,24.95,,,Carlos RubenAntonio,Aragón,2017,4.15,8,Good Value,Tinto,Disponible
2025-07-16 12:52:10,20250716_125057,2,15,25,"Proyecto Garnachas de EspañaLa Garnacha Perdida 2019Aragón,EspañaGood Value4,1333 valoraciones22,75 €",https://www.vivino.com/proyecto-garnachas-de-espana-la-garnacha-perdida/w/5296470?year=2019&price_id=27445400,22.75,,,Proyecto Garnachas,Aragón,2019,4.133,3,Good Value,Tinto,Disponible
2025-07-16 12:52:10,20250716_125057,2,16,25,"Telmo RodriguezPegaso Barrancos de Pizarra 2020Castilla y León,España4,158 valoraciones39,93 €",https://www.vivino.com/telmo-rodriguez-pegaso-barrancos-de-pizarra/w/1179898?year=2020&price_id=34283314,39.93,,,Telmo RodriguezPegaso,Castilla y León,2020,4.15,8,,Tinto,Disponible
2025-07-16 12:52:10,20250716_125057,2,17,25,"Viña ZorzalLa Peli 2022Navarra,España4,171 valoraciones34,90 €",https://www.vivino.com/vina-zorzal-la-peli/w/8784103?year=2022&price_id=36953388,34.9,,,Viña ZorzalLa,Navarra,2022,4.17,1,,Tinto,Disponible
2025-07-16 12:52:10,20250716_125057,2,18,25,"CérvolesGarnatxa de Cérvoles Vinyes Altes de Les Garrigues 2022Costers del Segre,EspañaGood Value4,1232 valoraciones17,15 €",https://www.vivino.com/cervoles-garnatxa-de-cervoles-vinyes-altes-de-les-garrigues/w/4547042?year=2022&price_id=34401899,17.15,,,CérvolesGarnatxa,Costers del Segre,2022,4.123,2,Good Value,Tinto,Disponible
2025-07-16 12:52:10,20250716_125057,2,19,25,"ValquejigosoCarpetano Garnacha 2019Madrid,EspañaGreat Value4,1147 valoraciones14,95 €",https://www.vivino.com/valquejigoso-carpetano-garnacha/w/11316262?year=2019&price_id=31843204,14.95,,,ValquejigosoCarpetano Garnacha,Madrid,2019,4.114,7,Great Value,Tinto,Disponible
2025-07-16 12:52:10,20250716_125057,2,20,25,"El ReventónLa Reina 2023Madrid,España4,1119 valoraciones33 €",https://www.vivino.com/el-reventon-la-reina/w/12148142?year=2023&price_id=38750047,33.0,,,ReventónLa Reina,Madrid,2023,4.111,9,,Tinto,Disponible
2025-07-16 12:52:10,20250716_125057,2,21,25,"Bodegas FrontonioSupersónico Garnacha 2021Valdejalón,EspañaGood Value4,196 valoraciones27,15 €",https://www.vivino.com/frontonio-supersonico-garnacha/w/4968370?year=2021&price_id=36112974,27.15,,,Bodegas FrontonioSupersónico,Valdejalón,2021,4.19,6,Good Value,Tinto,Disponible
2025-07-16 12:52:10,20250716_125057,2,22,25,"Borsao BodegasTres Picos Garnacha 2022Campo de Borja,EspañaGreat Value4,172 valoraciones13,35 €",https://www.vivino.com/borsao-bodegas-tres-picos-garnacha/w/35374?year=2022&price_id=38974679,13.35,,,Borsao BodegasTres,Campo de Borja,2022,4.17,2,Great Value,Tinto,Disponible
2025-07-16 12:52:10,20250716_125057,2,23,25,"Aseginolaza & LeundaCuvée Las Santas 2022Navarra,EspañaGood Value4,1128 valoraciones22,35 €",https://www.vivino.com/aseginolaza-leunda-cuvee-las-santas/w/9648325?year=2022&price_id=37563720,22.35,,,Aseginolaza,Navarra,2022,4.112,8,Good Value,Tinto,Disponible
2025-07-16 12:52:10,20250716_125057,2,24,25,"Herència AltésLa Xalamera 2019Terra Alta,EspañaGood Value4,153 valoraciones29,90 €",https://www.vivino.com/herencia-altes-la-xalamera-terra-alta/w/6170276?year=2019&price_id=36324678,29.9,,,Herència AltésLa,Terra Alta,2019,4.15,3,Good Value,Tinto,Disponible
2025-07-16 12:52:48,20250716_125057,3,1,49,"Viñas del VeroSecastilla 2016Somontano,EspañaCosecha más antigua disponible4,151 valoraciones33,90 €",https://www.vivino.com/vinas-del-vero-secastilla/w/1158235?year=2016&price_id=25421069,33.9,,,Viñas del,Somontano,2016,4.15,1,Cosecha más antigua,Tinto,Disponible
2025-07-16 12:52:48,20250716_125057,3,2,49,"AltavinsVinerel.Les Garnatxa Peluda 2023Terra Alta,EspañaGood Value4,146 valoraciones22,25 €",https://www.vivino.com/altavins-vinerel-les-garnatxa-peluda/w/11471752?year=2023&price_id=39308500,22.25,,,AltavinsVinerel.Les Garnatxa,Terra Alta,2023,4.14,6,Good Value,Tinto,Disponible
2025-07-16 12:52:48,20250716_125057,3,3,49,"Cuevas de AromOS Cantals 2021Campo de Borja,EspañaGood Value4,1427 valoraciones42,21 €",https://www.vivino.com/cuevas-de-arom-os-cantals/w/5796944?year=2021&price_id=34502822,42.21,,,Cuevas,Campo de Borja,2021,4.142,7,Good Value,Tinto,Disponible
2025-07-16 12:52:48,20250716_125057,3,4,49,"Bodegas AtecaAtteca Garnacha (Old Vines) 2020Calatayud,EspañaGreat Value4,1608 valoraciones14,46 €",https://www.vivino.com/bodegas-ateca-atteca-garnacha-old-vines/w/1183710?year=2020&price_id=38449392,14.46,,,Bodegas AtecaAtteca,Calatayud,2020,4.16,8,Great Value,Tinto,Disponible
2025-07-16 12:52:48,20250716_125057,3,5,49,"Soto y ManriqueAlto de la Estrella 2021Castilla y León,España4,1118 valoraciones32 €",https://www.vivino.com/soto-y-manrique-alto-de-la-estrella/w/9110384?year=2021&price_id=38500087,32.0,,,Soto,Castilla y León,2021,4.111,8,,Tinto,Disponible
2025-07-16 12:52:48,20250716_125057,3,6,49,"Bodegas Paco MuleroGarnacha 2021Calatayud,EspañaGreat Value4,191 valoraciones10,90 €",https://www.vivino.com/bodegas-paco-mulero-garnacha/w/8995715?year=2021&price_id=35422551,10.9,,,Bodegas Paco,Calatayud,2021,4.19,1,Great Value,Tinto,Disponible
2025-07-16 12:52:48,20250716_125057,3,7,49,"BrecaGarnacha 2021Calatayud,EspañaGreat Value4,182 valoraciones14,10 €",https://www.vivino.com/breca-garnacha-calatayud/w/1370945?year=2021&price_id=38561559,14.1,,,"BrecaGarnacha 2021Calatayud,EspañaGreat",Calatayud,2021,4.18,2,Great Value,Tinto,Disponible
2025-07-16 12:52:48,20250716_125057,3,8,49,"Vinyes TortugaHunky Dory 2019Cataluña,EspañaGood Value4,188 valoraciones43,95 €",https://www.vivino.com/vinyes-tortuga-hunky-dory/w/7450443?year=2019&price_id=33825942,43.95,,,Vinyes TortugaHunky,Cataluña,2019,4.18,8,Good Value,Tinto,Disponible
2025-07-16 12:52:48,20250716_125057,3,9,49,"ParticularGarnacha Viñas Centenarias 2022Cariñena,EspañaGreat Value4,12548 valoraciones14,80 €",https://www.vivino.com/particular-es-garnacha-vinas-centenarias/w/2338003?year=2022&price_id=38799328,14.8,,,ParticularGarnacha Viñas,Cariñena,2022,4.1254,8,Great Value,Tinto,Disponible
2025-07-16 12:52:48,20250716_125057,3,10,49,"Gil PejenauteTabuca 2023Campo de Borja,EspañaGreat Value4,1318 valoraciones20,50 €",https://www.vivino.com/gil-pejenaute-tabuca/w/10428248?year=2023&price_id=39171060,20.5,,,Gil PejenauteTabuca,Campo de Borja,2023,4.131,8,Great Value,Tinto,Disponible
2025-07-16 12:52:48,20250716_125057,3,11,49,"Terra RemotaCamino 2021Empordà,España4,1147 valoraciones38,80 €",https://www.vivino.com/terra-remota-camino/w/1222476?year=2021&price_id=38859603,38.8,,,Terra RemotaCamino,Empordà,2021,4.114,7,,Tinto,Disponible
2025-07-16 12:52:48,20250716_125057,3,12,49,"Pagos del MoncayoPrados Colección Garnacha 2021Campo de Borja,EspañaGreat Value4,1181 valoraciones14,90 €",https://www.vivino.com/pagos-del-moncayo-prados-coleccion-garnacha/w/5409799?year=2021&price_id=34084953,14.9,,,Pagos del,Campo de Borja,2021,4.118,1,Great Value,Tinto,Disponible
2025-07-16 12:52:48,20250716_125057,3,13,49,"Vinos DivertidosCamino A Pardos Garnacha Viñas Viejas 80 Old Vines 2022Calatayud,EspañaGreat Value4,1384 valoraciones12,90 €",https://www.vivino.com/vinos-divertidos-camino-a-pardos-garnacha-vinas-viejas-80-old-vines/w/9894859?year=2022&price_id=39306606,12.9,,,Vinos DivertidosCamino,Calatayud,2022,4.138,4,Great Value,Tinto,Disponible
2025-07-16 12:52:48,20250716_125057,3,14,49,"Carlos RubenAntonio Antonia 2017Aragón,EspañaGood Value4,158 valoraciones24,95 €",https://www.vivino.com/carlos-ruben-antonio-antonia/w/7256945?year=2017&price_id=27201047,24.95,,,Carlos RubenAntonio,Aragón,2017,4.15,8,Good Value,Tinto,Disponible
2025-07-16 12:52:48,20250716_125057,3,15,49,"Proyecto Garnachas de EspañaLa Garnacha Perdida 2019Aragón,EspañaGood Value4,1333 valoraciones22,75 €",https://www.vivino.com/proyecto-garnachas-de-espana-la-garnacha-perdida/w/5296470?year=2019&price_id=27445400,22.75,,,Proyecto Garnachas,Aragón,2019,4.133,3,Good Value,Tinto,Disponible
2025-07-16 12:52:48,20250716_125057,3,16,49,"Telmo RodriguezPegaso Barrancos de Pizarra 2020Castilla y León,España4,158 valoraciones39,93 €",https://www.vivino.com/telmo-rodriguez-pegaso-barrancos-de-pizarra/w/1179898?year=2020&price_id=34283314,39.93,,,Telmo RodriguezPegaso,Castilla y León,2020,4.15,8,,Tinto,Disponible
2025-07-16 12:52:48,20250716_125057,3,17,49,"Viña ZorzalLa Peli 2022Navarra,España4,171 valoraciones34,90 €",https://www.vivino.com/vina-zorzal-la-peli/w/8784103?year=2022&price_id=36953388,34.9,,,Viña ZorzalLa,Navarra,2022,4.17,1,,Tinto,Disponible
2025-07-16 12:52:48,20250716_125057,3,18,49,"CérvolesGarnatxa de Cérvoles Vinyes Altes de Les Garrigues 2022Costers del Segre,EspañaGood Value4,1232 valoraciones17,15 €",https://www.vivino.com/cervoles-garnatxa-de-cervoles-vinyes-altes-de-les-garrigues/w/4547042?year=2022&price_id=34401899,17.15,,,CérvolesGarnatxa,Costers del Segre,2022,4.123,2,Good Value,Tinto,Disponible
2025-07-16 12:52:48,20250716_125057,3,19,49,"ValquejigosoCarpetano Garnacha 2019Madrid,EspañaGreat Value4,1147 valoraciones14,95 €",https://www.vivino.com/valquejigoso-carpetano-garnacha/w/11316262?year=2019&price_id=31843204,14.95,,,ValquejigosoCarpetano Garnacha,Madrid,2019,4.114,7,Great Value,Tinto,Disponible
2025-07-16 12:52:48,20250716_125057,3,20,49,"El ReventónLa Reina 2023Madrid,España4,1119 valoraciones33 €",https://www.vivino.com/el-reventon-la-reina/w/12148142?year=2023&price_id=38750047,33.0,,,ReventónLa Reina,Madrid,2023,4.111,9,,Tinto,Disponible
2025-07-16 12:52:48,20250716_125057,3,21,49,"Bodegas FrontonioSupersónico Garnacha 2021Valdejalón,EspañaGood Value4,196 valoraciones27,15 €",https://www.vivino.com/frontonio-supersonico-garnacha/w/4968370?year=2021&price_id=36112974,27.15,,,Bodegas FrontonioSupersónico,Valdejalón,2021,4.19,6,Good Value,Tinto,Disponible
2025-07-16 12:52:48,20250716_125057,3,22,49,"Borsao BodegasTres Picos Garnacha 2022Campo de Borja,EspañaGreat Value4,172 valoraciones13,35 €",https://www.vivino.com/borsao-bodegas-tres-picos-garnacha/w/35374?year=2022&price_id=38974679,13.35,,,Borsao BodegasTres,Campo de Borja,2022,4.17,2,Great Value,Tinto,Disponible
2025-07-16 12:52:48,20250716_125057,3,23,49,"Aseginolaza & LeundaCuvée Las Santas 2022Navarra,EspañaGood Value4,1128 valoraciones22,35 €",https://www.vivino.com/aseginolaza-leunda-cuvee-las-santas/w/9648325?year=2022&price_id=37563720,22.35,,,Aseginolaza,Navarra,2022,4.112,8,Good Value,Tinto,Disponible
2025-07-16 12:52:48,20250716_125057,3,24,49,"Herència AltésLa Xalamera 2019Terra Alta,EspañaGood Value4,153 valoraciones29,90 €",https://www.vivino.com/herencia-altes-la-xalamera-terra-alta/w/6170276?year=2019&price_id=36324678,29.9,,,Herència AltésLa,Terra Alta,2019,4.15,3,Good Value,Tinto,Disponible
2025-07-16 12:53:24,20250716_125057,4,1,73,"Viñas del VeroSecastilla 2016Somontano,EspañaCosecha más antigua disponible4,151 valoraciones33,90 €",https://www.vivino.com/vinas-del-vero-secastilla/w/1158235?year=2016&price_id=25421069,33.9,,,Viñas del,Somontano,2016,4.15,1,Cosecha más antigua,Tinto,Disponible
2025-07-16 12:53:24,20250716_125057,4,2,73,"AltavinsVinerel.Les Garnatxa Peluda 2023Terra Alta,EspañaGood Value4,146 valoraciones22,25 €",https://www.vivino.com/altavins-vinerel-les-garnatxa-peluda/w/11471752?year=2023&price_id=39308500,22.25,,,AltavinsVinerel.Les Garnatxa,Terra Alta,2023,4.14,6,Good Value,Tinto,Disponible
2025-07-16 12:53:24,20250716_125057,4,3,73,"Cuevas de AromOS Cantals 2021Campo de Borja,EspañaGood Value4,1427 valoraciones42,21 €",https://www.vivino.com/cuevas-de-arom-os-cantals/w/5796944?year=2021&price_id=34502822,42.21,,,Cuevas,Campo de Borja,2021,4.142,7,Good Value,Tinto,Disponible
2025-07-16 12:53:24,20250716_125057,4,4,73,"Bodegas AtecaAtteca Garnacha (Old Vines) 2020Calatayud,EspañaGreat Value4,1608 valoraciones14,46 €",https://www.vivino.com/bodegas-ateca-atteca-garnacha-old-vines/w/1183710?year=2020&price_id=38449392,14.46,,,Bodegas AtecaAtteca,Calatayud,2020,4.16,8,Great Value,Tinto,Disponible
2025-07-16 12:53:24,20250716_125057,4,5,73,"Soto y ManriqueAlto de la Estrella 2021Castilla y León,España4,1118 valoraciones32 €",https://www.vivino.com/soto-y-manrique-alto-de-la-estrella/w/9110384?year=2021&price_id=38500087,32.0,,,Soto,Castilla y León,2021,4.111,8,,Tinto,Disponible
2025-07-16 12:53:24,20250716_125057,4,6,73,"Bodegas Paco MuleroGarnacha 2021Calatayud,EspañaGreat Value4,191 valoraciones10,90 €",https://www.vivino.com/bodegas-paco-mulero-garnacha/w/8995715?year=2021&price_id=35422551,10.9,,,Bodegas Paco,Calatayud,2021,4.19,1,Great Value,Tinto,Disponible
2025-07-16 12:53:24,20250716_125057,4,7,73,"BrecaGarnacha 2021Calatayud,EspañaGreat Value4,182 valoraciones14,10 €",https://www.vivino.com/breca-garnacha-calatayud/w/1370945?year=2021&price_id=38561559,14.1,,,"BrecaGarnacha 2021Calatayud,EspañaGreat",Calatayud,2021,4.18,2,Great Value,Tinto,Disponible
2025-07-16 12:53:24,20250716_125057,4,8,73,"Vinyes TortugaHunky Dory 2019Cataluña,EspañaGood Value4,188 valoraciones43,95 €",https://www.vivino.com/vinyes-tortuga-hunky-dory/w/7450443?year=2019&price_id=33825942,43.95,,,Vinyes TortugaHunky,Cataluña,2019,4.18,8,Good Value,Tinto,Disponible
2025-07-16 12:53:24,20250716_125057,4,9,73,"ParticularGarnacha Viñas Centenarias 2022Cariñena,EspañaGreat Value4,12548 valoraciones14,80 €",https://www.vivino.com/particular-es-garnacha-vinas-centenarias/w/2338003?year=2022&price_id=38799328,14.8,,,ParticularGarnacha Viñas,Cariñena,2022,4.1254,8,Great Value,Tinto,Disponible
2025-07-16 12:53:24,20250716_125057,4,10,73,"Gil PejenauteTabuca 2023Campo de Borja,EspañaGreat Value4,1318 valoraciones20,50 €",https://www.vivino.com/gil-pejenaute-tabuca/w/10428248?year=2023&price_id=39171060,20.5,,,Gil PejenauteTabuca,Campo de Borja,2023,4.131,8,Great Value,Tinto,Disponible
2025-07-16 12:53:24,20250716_125057,4,11,73,"Terra RemotaCamino 2021Empordà,España4,1147 valoraciones38,80 €",https://www.vivino.com/terra-remota-camino/w/1222476?year=2021&price_id=38859603,38.8,,,Terra RemotaCamino,Empordà,2021,4.114,7,,Tinto,Disponible
2025-07-16 12:53:24,20250716_125057,4,12,73,"Pagos del MoncayoPrados Colección Garnacha 2021Campo de Borja,EspañaGreat Value4,1181 valoraciones14,90 €",https://www.vivino.com/pagos-del-moncayo-prados-coleccion-garnacha/w/5409799?year=2021&price_id=34084953,14.9,,,Pagos del,Campo de Borja,2021,4.118,1,Great Value,Tinto,Disponible
2025-07-16 12:53:24,20250716_125057,4,13,73,"Vinos DivertidosCamino A Pardos Garnacha Viñas Viejas 80 Old Vines 2022Calatayud,EspañaGreat Value4,1384 valoraciones12,90 €",https://www.vivino.com/vinos-divertidos-camino-a-pardos-garnacha-vinas-viejas-80-old-vines/w/9894859?year=2022&price_id=39306606,12.9,,,Vinos DivertidosCamino,Calatayud,2022,4.138,4,Great Value,Tinto,Disponible
2025-07-16 12:53:24,20250716_125057,4,14,73,"Carlos RubenAntonio Antonia 2017Aragón,EspañaGood Value4,158 valoraciones24,95 €",https://www.vivino.com/carlos-ruben-antonio-antonia/w/7256945?year=2017&price_id=27201047,24.95,,,Carlos RubenAntonio,Aragón,2017,4.15,8,Good Value,Tinto,Disponible
2025-07-16 12:53:24,20250716_125057,4,15,73,"Proyecto Garnachas de EspañaLa Garnacha Perdida 2019Aragón,EspañaGood Value4,1333 valoraciones22,75 €",https://www.vivino.com/proyecto-garnachas-de-espana-la-garnacha-perdida/w/5296470?year=2019&price_id=27445400,22.75,,,Proyecto Garnachas,Aragón,2019,4.133,3,Good Value,Tinto,Disponible
2025-07-16 12:53:24,20250716_125057,4,16,73,"Telmo RodriguezPegaso Barrancos de Pizarra 2020Castilla y León,España4,158 valoraciones39,93 €",https://www.vivino.com/telmo-rodriguez-pegaso-barrancos-de-pizarra/w/1179898?year=2020&price_id=34283314,39.93,,,Telmo RodriguezPegaso,Castilla y León,2020,4.15,8,,Tinto,Disponible
2025-07-16 12:53:24,20250716_125057,4,17,73,"Viña ZorzalLa Peli 2022Navarra,España4,171 valoraciones34,90 €",https://www.vivino.com/vina-zorzal-la-peli/w/8784103?year=2022&price_id=36953388,34.9,,,Viña ZorzalLa,Navarra,2022,4.17,1,,Tinto,Disponible
2025-07-16 12:53:24,20250716_125057,4,18,73,"CérvolesGarnatxa de Cérvoles Vinyes Altes de Les Garrigues 2022Costers del Segre,EspañaGood Value4,1232 valoraciones17,15 €",https://www.vivino.com/cervoles-garnatxa-de-cervoles-vinyes-altes-de-les-garrigues/w/4547042?year=2022&price_id=34401899,17.15,,,CérvolesGarnatxa,Costers del Segre,2022,4.123,2,Good Value,Tinto,Disponible
2025-07-16 12:53:24,20250716_125057,4,19,73,"ValquejigosoCarpetano Garnacha 2019Madrid,EspañaGreat Value4,1147 valoraciones14,95 €",https://www.vivino.com/valquejigoso-carpetano-garnacha/w/11316262?year=2019&price_id=31843204,14.95,,,ValquejigosoCarpetano Garnacha,Madrid,2019,4.114,7,Great Value,Tinto,Disponible
2025-07-16 12:53:24,20250716_125057,4,20,73,"El ReventónLa Reina 2023Madrid,España4,1119 valoraciones33 €",https://www.vivino.com/el-reventon-la-reina/w/12148142?year=2023&price_id=38750047,33.0,,,ReventónLa Reina,Madrid,2023,4.111,9,,Tinto,Disponible
2025-07-16 12:53:24,20250716_125057,4,21,73,"Bodegas FrontonioSupersónico Garnacha 2021Valdejalón,EspañaGood Value4,196 valoraciones27,15 €",https://www.vivino.com/frontonio-supersonico-garnacha/w/4968370?year=2021&price_id=36112974,27.15,,,Bodegas FrontonioSupersónico,Valdejalón,2021,4.19,6,Good Value,Tinto,Disponible
2025-07-16 12:53:24,20250716_125057,4,22,73,"Borsao BodegasTres Picos Garnacha 2022Campo de Borja,EspañaGreat Value4,172 valoraciones13,35 €",https://www.vivino.com/borsao-bodegas-tres-picos-garnacha/w/35374?year=2022&price_id=38974679,13.35,,,Borsao BodegasTres,Campo de Borja,2022,4.17,2,Great Value,Tinto,Disponible
2025-07-16 12:53:24,20250716_125057,4,23,73,"Aseginolaza & LeundaCuvée Las Santas 2022Navarra,EspañaGood Value4,1128 valoraciones22,35 €",https://www.vivino.com/aseginolaza-leunda-cuvee-las-santas/w/9648325?year=2022&price_id=37563720,22.35,,,Aseginolaza,Navarra,2022,4.112,8,Good Value,Tinto,Disponible
2025-07-16 12:53:24,20250716_125057,4,24,73,"Herència AltésLa Xalamera 2019Terra Alta,EspañaGood Value4,153 valoraciones29,90 €",https://www.vivino.com/herencia-altes-la-xalamera-terra-alta/w/6170276?year=2019&price_id=36324678,29.9,,,Herència AltésLa,Terra Alta,2019,4.15,3,Good Value,Tinto,Disponible
